alim17_1,alim17_2,alim17_3,alim17_4,alim17_5,alim17_6,alim17_7,alim17_8,alim17_9,alim17_10,alim17_11,num_auto,num_moto,num_bici,num_radio,num_tvd,num_licua,num_micro,num_refri,num_estuf,num_lavad,num_planc,num_venti,num_compu,num_impre,num_juego,ing_tri
7,0,5,7,7,3,3,7,7,7,7,0,0,0,1,0,1,0,1,1,1,1,2,0,0,0,15114.03
7,2,7,7,3,7,2,7,7,7,7,1,0,0,0,2,1,0,1,1,1,1,2,0,0,0,79309.38
7,2,7,4,6,2,0,2,4,7,5,1,0,0,0,1,1,1,1,1,1,1,1,1,1,0,21530.36
7,0,7,7,6,4,1,3,7,6,7,2,0,0,0,2,1,1,1,1,1,1,2,1,0,2,78439.2
7,4,7,5,3,7,3,2,7,7,7,2,0,0,0,2,1,1,1,1,1,1,1,3,2,2,117522.02
7,2,2,7,4,5,5,7,7,7,6,0,0,0,0,1,1,1,1,1,1,1,3,1,0,1,71055.23
7,3,7,7,0,2,3,7,0,7,7,0,0,0,1,1,1,1,1,1,1,1,0,0,0,0,11933.7
7,0,7,7,2,3,2,3,7,7,0,3,0,0,1,0,1,0,1,1,1,1,1,0,0,0,15662.97
7,4,7,7,3,7,2,5,7,7,7,2,0,1,0,1,1,1,1,1,1,1,2,2,2,0,169141.28
7,1,7,7,3,0,1,0,7,7,7,1,0,0,1,2,1,1,1,1,2,1,3,1,0,0,35217.38
7,1,4,1,3,1,1,2,5,4,1,2,0,0,0,1,1,1,1,0,1,1,0,2,2,1,24999.43
7,3,7,0,2,1,1,7,2,7,4,0,0,0,1,0,1,1,1,1,0,0,1,0,0,0,12323.14
7,2,7,7,2,7,2,7,7,7,7,1,0,0,2,2,1,1,1,1,1,1,3,0,0,0,76842.36
7,4,5,6,6,5,0,7,7,7,7,0,0,0,1,1,1,1,1,1,1,1,2,1,1,0,31548.87
7,2,2,2,2,1,1,7,7,7,5,1,0,0,1,1,1,1,1,1,1,1,1,1,0,0,76377.69
7,0,7,7,4,4,1,4,4,7,7,2,0,6,0,7,1,2,1,1,4,2,0,2,0,1,23967.38
7,2,2,5,3,3,1,3,7,7,7,1,0,0,1,0,1,1,1,1,1,1,1,1,1,0,9655.43
7,0,7,4,0,1,1,7,1,3,3,1,0,0,1,1,1,1,1,1,1,1,1,1,0,0,19358.8
7,3,4,4,2,4,0,5,7,7,7,1,0,0,0,1,1,1,1,1,1,1,0,1,0,0,37760.85
7,1,2,1,1,1,0,3,3,2,7,0,0,0,1,0,1,0,1,1,0,0,0,0,0,0,3326.57
7,2,7,7,5,3,0,7,7,7,7,0,0,0,0,1,1,1,1,1,1,1,0,1,0,1,12961.93
7,3,5,4,5,3,1,3,7,7,7,3,0,0,0,3,1,1,1,1,2,1,1,1,1,4,30815.21
7,2,3,3,7,7,0,7,4,7,7,0,0,0,0,0,0,0,0,0,0,0,0,0,0,0,33934.41
7,0,7,7,4,2,0,4,2,7,0,1,0,0,0,0,1,0,1,1,0,0,2,1,1,0,22032.76
7,1,7,0,1,2,0,7,7,7,7,0,0,0,1,1,1,1,1,0,1,1,0,0,1,0,57295.07
7,3,7,7,3,3,2,3,7,7,7,0,0,0,0,2,1,1,1,1,0,1,1,0,0,0,89813.1
7,2,1,0,2,2,0,3,0,7,5,0,0,0,0,0,1,0,1,1,0,1,0,1,1,0,31893.39
7,0,1,7,3,1,0,7,7,7,7,0,0,0,0,2,1,1,1,1,1,1,0,0,0,0,48073.72
7,0,7,7,2,0,1,7,7,7,7,0,0,0,0,0,1,0,1,1,1,1,0,0,0,0,7377.03
7,1,7,2,3,7,0,7,7,7,7,0,0,0,1,1,1,1,1,1,1,1,0,0,0,0,22069.15
7,1,1,7,7,7,1,7,2,7,7,0,0,0,0,1,1,0,1,1,0,1,0,0,0,0,24639.33
7,2,3,7,7,1,0,7,7,7,7,3,1,0,0,3,1,1,1,1,1,1,1,2,0,1,167975.33
0,0,0,0,0,0,0,0,0,0,0,1,0,0,0,3,1,1,1,1,1,1,3,0,0,0,110640.97
7,2,7,7,6,0,1,6,7,7,7,1,0,0,0,2,1,1,1,1,1,1,2,1,0,1,44227.81
7,2,7,7,6,4,1,3,6,7,7,1,0,0,0,0,1,1,1,1,1,1,1,1,0,0,103131.13
0,0,0,0,0,0,0,0,0,0,0,1,0,0,0,1,0,0,0,0,0,0,0,2,1,0,29999.98
7,2,7,2,1,4,0,4,7,7,3,0,0,1,0,1,1,0,1,1,0,1,0,0,0,0,14478.67
5,2,7,7,3,2,3,0,2,4,7,1,0,0,1,2,1,1,1,1,0,1,0,1,0,0,32167.83
7,0,2,0,2,3,0,5,0,7,0,1,0,0,0,0,1,1,1,1,1,0,3,1,0,0,37750.81
7,1,7,3,1,0,0,7,0,7,7,0,0,0,0,1,1,1,1,1,1,1,0,1,0,0,41350.77
7,1,3,4,2,3,1,5,4,7,7,0,0,0,0,1,1,1,1,1,1,1,0,0,0,0,6049.17
7,4,1,3,3,3,0,4,7,7,7,2,1,0,0,1,1,1,1,1,1,1,2,0,0,0,56924.2
7,0,0,2,0,2,0,0,3,2,4,0,0,0,0,0,0,0,0,0,0,0,0,0,0,0,5901.63
0,0,0,0,0,0,0,0,0,0,0,1,0,0,0,1,0,1,1,0,0,0,2,0,0,0,94131.14
7,4,3,7,3,7,0,7,7,7,4,0,0,1,0,1,1,0,1,1,1,1,2,1,0,0,92163.89
7,2,0,0,0,4,0,7,7,7,0,0,0,0,0,0,0,0,1,1,0,0,0,0,0,0,9014.72
7,0,2,5,3,0,0,7,7,0,7,0,0,0,0,0,1,0,1,1,1,0,0,0,0,0,14606.55
7,0,0,0,0,3,0,7,0,7,7,0,0,1,0,0,1,0,0,1,1,1,0,0,0,0,14596.71
7,1,2,7,2,0,1,7,7,7,7,0,0,1,0,1,1,1,1,1,1,1,1,1,0,0,50590.76
7,2,7,3,3,7,0,7,7,7,7,1,0,0,0,0,2,1,1,1,1,2,0,0,0,0,24749.97
7,3,2,4,3,3,0,3,7,7,7,1,0,0,0,0,1,1,1,1,1,1,0,0,0,0,33456.5
7,1,7,2,3,3,0,7,7,7,7,0,0,0,1,0,1,1,1,1,1,1,0,0,0,0,12717.39
7,1,1,7,2,2,1,3,7,7,1,0,0,0,0,0,0,1,1,0,0,1,0,1,0,0,10711.94
7,0,7,2,7,3,0,7,7,7,7,0,0,1,0,0,1,1,1,1,1,1,1,1,0,0,17706.48
7,1,7,7,2,0,0,7,7,7,7,0,0,0,0,0,1,1,1,1,1,1,0,0,0,0,4842.37
7,2,7,7,5,2,2,7,7,7,2,1,0,0,0,1,1,1,1,1,1,1,0,0,0,0,14673.91
0,0,0,0,0,0,0,0,0,0,0,0,0,0,0,0,0,0,0,0,0,0,0,0,0,0,15309.74
7,0,3,7,7,0,0,2,7,7,7,1,0,1,1,1,1,1,1,1,1,1,0,2,0,0,46247.26
7,3,7,7,2,3,1,3,7,7,2,1,0,0,1,1,1,1,1,1,1,1,1,1,1,0,56714.67
7,3,7,4,4,4,2,7,7,7,2,0,0,0,0,2,1,1,1,1,1,1,0,1,1,0,37650.8
7,3,7,7,4,4,2,7,2,7,4,0,0,0,1,0,1,1,1,1,1,1,0,1,1,0,10516.29
7,5,7,7,7,7,3,7,7,7,7,0,0,0,1,1,1,1,1,1,1,1,0,0,0,0,40646.72
7,2,7,2,3,7,1,7,7,7,7,1,0,0,0,2,1,1,1,1,1,1,1,1,1,0,42872.25
7,4,3,2,3,7,0,4,3,7,7,0,0,0,0,0,1,1,1,1,0,0,0,0,0,0,22793.43
7,7,7,4,1,0,0,7,0,7,0,2,0,0,0,0,1,1,1,1,0,1,0,0,0,0,10565.21
7,2,5,5,3,3,1,7,7,7,7,1,0,0,0,1,1,1,1,1,1,1,1,1,1,0,23478.25
0,0,0,0,0,0,0,0,0,0,0,0,0,0,1,0,1,1,1,1,1,1,0,0,0,0,4636.95
7,2,7,7,2,4,0,7,7,7,7,0,0,1,0,0,1,0,1,1,1,1,0,0,0,0,30688.01
7,2,2,7,5,1,0,2,7,7,0,0,0,0,0,1,1,1,1,1,1,1,1,0,0,0,7571.73
0,0,0,0,0,0,0,0,0,0,0,0,0,0,0,0,1,0,1,1,0,0,0,0,0,0,5771.73
6,1,7,7,6,2,0,4,7,7,7,2,0,1,1,0,1,1,1,1,1,1,0,0,0,1,28100.52
7,7,7,3,3,4,0,3,4,5,2,0,0,1,1,0,1,1,1,1,1,1,1,1,0,0,15065.2
7,2,7,7,3,5,2,7,7,7,7,1,0,0,1,1,1,1,1,1,1,1,1,1,0,0,35217.39
7,7,7,7,4,4,4,7,3,3,7,0,0,0,0,0,1,1,1,0,1,0,1,0,0,0,6749.99
7,0,1,3,0,2,0,5,3,2,7,0,0,0,1,0,1,0,1,1,1,1,1,0,0,0,10394
7,1,7,7,7,7,0,3,2,7,7,0,0,1,2,1,1,1,1,1,2,1,1,1,0,0,31793.47
7,2,4,4,7,1,7,2,7,7,7,1,0,0,1,0,1,1,1,1,1,1,1,1,0,0,48423.9
0,0,0,0,0,0,0,0,0,0,0,0,0,0,1,0,1,0,1,1,1,0,1,0,0,0,17608.69
7,2,7,7,2,3,2,7,7,7,7,0,0,0,1,0,1,0,1,1,1,1,0,0,0,0,32353.03
7,3,7,7,7,7,1,7,7,7,7,1,0,0,1,1,1,0,1,1,1,1,0,0,0,0,66619.56
7,2,5,7,3,5,0,7,7,7,7,0,0,0,0,1,1,1,1,1,1,1,0,1,0,0,14722.81
7,0,7,5,7,2,0,3,7,7,7,1,0,0,1,1,1,1,1,1,1,1,0,1,0,1,3423.91
7,2,3,7,3,3,0,6,7,7,5,0,0,0,1,0,1,0,1,1,1,1,0,0,0,0,13859.98
7,2,2,5,7,7,2,7,3,7,7,1,0,0,1,3,1,1,1,1,1,1,3,1,1,0,120815.19
7,1,7,7,4,7,0,5,7,7,7,0,0,1,1,0,1,0,1,1,0,1,2,0,0,0,17021.73
7,3,3,7,4,7,0,7,7,7,7,1,0,1,1,0,2,1,1,1,2,2,2,0,0,0,37663.03
7,3,5,7,3,7,1,7,7,7,7,1,0,0,1,0,1,1,1,1,1,1,1,1,0,0,31377.69
7,3,7,7,3,4,0,7,7,7,7,0,0,0,0,1,1,0,1,1,1,1,1,0,0,1,99782.6
7,2,2,5,0,7,0,7,7,7,7,1,0,0,0,2,1,1,1,1,1,1,1,0,0,1,15485.86
7,1,7,7,3,2,1,7,0,7,7,0,0,0,1,0,1,0,1,1,1,1,0,0,0,0,9557.6
7,1,4,7,6,3,1,2,7,7,7,0,0,0,2,1,1,1,1,1,1,2,5,1,1,0,29347.82
7,1,5,7,5,2,2,5,7,7,5,1,0,0,1,1,1,1,1,1,1,1,0,1,1,1,79434.76
7,4,3,4,7,4,0,4,6,7,7,0,0,0,1,0,1,1,1,1,1,1,0,0,0,1,33749.98
7,7,7,7,3,2,4,5,7,7,7,0,0,0,2,0,2,1,1,1,1,1,1,0,0,0,22304.33
7,1,4,2,5,0,0,2,2,5,7,0,0,1,1,1,1,1,1,1,1,1,2,1,1,0,7434.78
7,4,7,7,4,4,3,7,7,7,7,0,0,0,1,0,1,1,1,1,1,1,0,1,1,0,21717.38
7,0,7,7,3,0,0,4,7,7,7,0,0,0,1,0,1,1,1,1,1,1,1,0,0,0,14595.65
7,2,3,7,4,7,0,7,7,7,7,0,0,1,1,1,1,1,1,1,1,1,1,0,0,1,24634.55
7,2,0,3,3,3,0,7,5,7,7,0,0,1,1,1,1,1,1,1,1,1,0,0,0,0,37139.62
7,6,0,0,0,7,0,6,0,7,7,0,0,0,1,0,1,1,1,1,1,1,1,0,0,0,23606.54
7,2,2,3,2,7,1,2,7,7,7,2,0,0,1,0,1,1,1,1,1,2,0,0,0,0,25032.77
7,1,3,3,7,3,0,7,7,7,3,0,0,1,1,1,1,1,1,1,1,1,1,0,0,0,60236.01
7,0,7,0,7,1,0,2,2,7,7,1,0,1,1,3,1,1,1,1,1,1,1,1,0,0,32065.56
7,2,2,2,0,7,1,7,7,7,7,0,0,0,1,0,0,0,1,1,1,1,0,0,0,0,5901.63
7,1,0,0,2,2,1,1,1,7,7,0,0,0,0,0,1,0,1,1,1,1,0,0,0,0,12098.35
7,0,3,3,7,3,3,5,7,7,7,0,0,0,1,0,1,0,1,1,1,1,0,0,0,0,30688.51
4,0,2,7,1,4,1,1,3,7,7,2,0,1,0,1,1,2,2,1,2,3,1,2,1,0,92508.17
7,2,2,7,7,2,2,7,7,7,7,1,0,0,1,1,1,1,1,1,1,1,1,1,1,1,55573.76
7,4,4,1,1,7,0,7,0,7,7,0,0,0,1,0,1,1,1,1,0,1,0,0,0,0,10032.77
7,2,7,7,7,7,1,2,7,1,7,0,0,0,1,0,1,0,1,1,1,0,0,0,0,0,19475.4
0,3,7,7,1,1,7,4,7,7,7,0,0,0,0,1,1,0,1,1,1,1,1,2,1,0,5803.26
7,2,3,2,3,3,0,7,7,7,3,1,0,0,0,0,1,1,1,1,1,1,1,1,1,0,30858.53
7,0,7,7,7,7,3,5,7,7,7,1,0,2,0,3,1,1,1,1,0,0,0,0,0,1,43259.66
3,0,4,7,4,0,2,0,3,0,4,1,0,2,0,0,1,1,1,1,1,1,0,1,0,0,72720.96
7,1,7,7,2,1,1,7,7,7,7,0,0,0,0,0,1,1,1,1,1,1,1,0,0,0,12828.72
2,4,7,7,2,4,4,5,7,7,7,0,0,4,0,1,1,0,1,1,1,1,2,1,1,0,50718.22
7,0,7,7,4,0,2,7,7,7,0,0,0,0,2,2,1,1,1,1,1,1,0,0,0,0,57513.71
7,0,7,4,7,7,0,7,7,7,7,1,0,0,0,0,1,1,1,1,0,0,1,1,1,0,12535.59
7,4,7,7,7,6,0,5,7,7,7,3,0,3,1,4,1,1,1,1,1,1,0,3,0,1,113330.35
7,7,7,7,2,5,2,4,7,7,7,1,0,0,0,3,1,1,1,1,1,1,0,1,1,2,60662.96
7,2,7,7,7,2,1,7,7,7,1,2,0,2,0,1,1,1,1,2,1,1,0,1,0,1,38237.55
0,7,7,1,0,0,1,0,1,1,0,0,0,0,0,0,1,0,1,1,1,1,0,0,0,0,1491.71
7,3,7,7,1,7,2,7,3,7,7,0,0,0,0,0,1,0,0,1,0,1,1,0,0,0,6778.34
7,2,2,0,0,0,0,7,2,3,0,0,0,0,3,0,1,1,0,1,1,2,1,1,0,0,62853.24
7,1,7,7,7,2,1,7,7,7,7,2,0,0,0,1,1,1,1,1,1,1,2,1,1,0,19663.03
7,3,7,7,3,3,2,7,7,7,7,0,0,1,0,1,0,0,0,0,1,1,1,0,0,0,25654.86
7,0,0,0,1,7,1,7,7,7,0,0,0,1,0,1,1,0,1,0,2,1,0,0,0,0,34046.37
7,3,4,5,3,5,2,3,6,5,7,1,0,0,0,1,1,1,0,1,1,0,1,1,0,0,38152.17
7,3,2,0,4,2,0,4,7,7,7,1,0,0,2,2,1,1,1,1,1,1,2,1,0,2,31720.06
7,2,7,7,6,7,1,7,7,7,2,1,0,0,1,2,1,0,1,1,1,1,1,2,1,0,186603.23
7,1,4,2,2,7,0,7,3,7,2,2,0,2,1,1,1,1,1,1,1,1,1,2,1,0,115581.49
7,3,3,3,0,4,0,2,3,7,7,0,0,0,2,0,1,0,1,1,1,1,0,0,0,0,22343.44
3,4,7,7,4,3,3,7,7,7,7,1,0,0,1,0,1,1,1,1,1,1,1,1,1,0,64711.93
7,3,7,7,3,7,1,3,2,7,4,1,0,1,1,1,1,1,1,0,1,0,1,0,0,0,9660.31
7,1,7,2,5,5,1,7,7,7,7,0,0,0,1,0,1,0,1,1,0,0,0,0,0,0,3521.73
0,0,0,0,0,0,0,0,0,0,0,1,0,0,1,1,1,1,1,1,1,1,3,1,1,0,45418.01
7,5,7,5,4,3,2,5,7,4,7,0,0,1,1,0,1,1,1,1,1,1,0,1,1,0,66618.88
7,1,7,7,4,0,1,4,7,3,3,1,1,0,1,1,1,1,1,1,1,1,0,2,1,1,23409.81
7,2,3,2,0,3,0,7,0,7,7,0,0,0,1,0,1,1,1,1,1,0,0,0,0,0,47975.36
7,3,3,7,3,7,2,7,7,7,2,0,0,0,0,0,0,0,1,1,0,1,0,1,0,0,116704.86
7,0,3,7,4,0,1,7,7,7,7,0,0,0,0,0,1,0,1,1,1,1,0,0,0,0,28278.68
7,3,3,7,3,7,1,3,7,7,7,0,0,0,0,1,1,1,1,1,1,1,2,1,1,0,35237.68
7,5,7,0,0,3,1,7,3,7,7,0,0,0,1,0,1,1,1,1,1,1,0,0,0,0,29213.11
7,3,7,7,1,7,1,7,7,7,7,0,0,0,0,0,1,1,1,1,1,1,0,1,1,0,23414.75
7,2,4,2,1,7,0,3,3,7,7,1,0,0,0,0,1,1,1,1,1,1,0,0,0,0,37868.84
7,2,2,7,3,7,1,7,2,7,7,0,0,1,0,0,1,1,1,1,1,1,0,0,0,0,21221.31
7,2,4,7,4,1,1,3,7,7,7,1,0,1,0,1,1,1,1,1,1,1,1,1,0,1,30839.65
7,7,7,7,3,7,0,7,7,7,7,0,0,1,0,0,1,0,1,1,0,1,1,0,0,1,117391.29
4,3,7,4,7,1,0,0,2,7,7,0,0,1,0,2,1,1,1,1,1,1,1,0,0,0,14086.95
7,2,7,3,4,7,1,7,7,7,7,0,0,1,0,0,1,1,1,1,1,1,0,1,0,1,10271.73
7,2,7,7,4,1,1,3,7,7,7,1,1,0,0,3,1,1,1,1,1,1,1,1,0,0,86527.13
7,3,7,3,4,7,2,7,0,7,7,0,0,0,0,1,1,0,1,1,1,1,0,0,0,0,128176.58
7,2,4,4,3,2,1,3,7,7,7,1,0,1,0,2,1,1,1,1,1,1,1,1,0,1,7630.43
5,1,5,7,5,2,2,4,5,5,7,0,0,0,0,1,1,1,1,1,1,1,0,1,1,0,54684.78
7,2,7,7,3,2,1,7,7,7,7,0,0,0,0,0,1,1,1,1,1,1,0,0,0,0,4358.13
4,3,6,5,4,4,0,3,4,6,5,0,1,0,0,0,1,0,1,1,1,1,1,2,1,1,56103.23
7,3,3,4,2,3,0,3,2,7,7,0,0,0,1,0,1,0,1,1,1,1,1,0,0,0,26902.17
7,1,7,7,5,5,2,5,7,7,5,4,0,0,0,2,1,1,1,1,1,1,3,2,1,1,4847.27
2,3,7,7,2,1,2,3,6,7,2,2,0,0,0,1,1,1,1,1,1,1,0,1,1,0,62569.53
1,2,7,7,2,4,5,2,7,7,7,0,0,0,0,3,1,1,1,1,1,1,1,1,1,1,193695.64
7,3,3,7,2,7,0,7,7,7,7,0,0,0,1,0,1,0,1,1,1,1,1,0,0,0,39135.75
7,3,7,3,2,3,0,7,7,7,7,0,0,1,1,0,1,0,0,1,1,0,0,0,0,0,9684.78
0,0,0,0,0,0,0,0,7,0,0,0,0,0,0,0,0,0,0,1,0,1,0,0,0,0,21184.21
7,3,4,3,4,5,0,7,7,7,7,0,0,0,1,0,1,1,1,1,1,1,0,0,0,0,11739.12
7,2,5,7,2,7,1,4,7,7,7,1,0,0,1,1,1,0,1,1,2,2,1,1,1,0,80095.08
7,1,1,7,1,3,1,7,3,7,7,1,0,0,1,0,1,1,1,1,1,1,2,0,0,0,67255.4
7,3,7,7,7,7,0,7,7,7,7,1,0,0,1,5,1,1,1,1,1,1,2,2,0,0,53290.73
7,2,7,7,3,4,1,7,7,7,7,0,0,0,1,2,1,1,1,1,1,1,0,0,0,1,9435.32
7,1,7,7,2,7,1,7,7,5,7,0,0,0,1,0,1,1,1,1,1,1,0,0,0,0,130353.23
7,1,3,4,4,2,1,7,2,7,7,1,0,0,1,1,1,1,1,1,1,1,2,1,1,0,19956.5
7,3,3,7,3,0,1,4,0,7,7,2,0,0,0,1,1,1,1,1,1,1,0,1,0,0,5380.43
4,0,3,3,1,1,0,7,0,3,3,0,0,0,1,0,1,0,1,1,1,1,0,0,0,0,39252.7
7,2,1,7,1,2,0,7,0,7,0,0,0,0,1,0,1,0,1,1,1,1,0,0,0,0,26487.38
7,2,2,7,7,7,2,7,7,7,7,0,0,0,0,0,1,1,1,0,1,1,0,1,1,1,120815.2
7,2,3,2,2,0,0,7,7,7,0,0,0,0,1,0,0,0,0,1,0,0,0,0,0,0,29176.6
7,2,7,7,7,4,2,4,7,6,7,1,0,0,1,2,1,1,1,1,1,1,0,1,1,0,13059.76
7,0,2,3,7,2,0,1,7,7,7,1,0,1,1,1,1,2,1,1,1,1,1,1,1,0,18684.76
7,1,7,3,3,3,2,7,7,7,4,0,0,0,0,0,1,1,1,1,1,1,0,0,0,0,38934.73
7,0,0,7,7,5,0,7,7,5,7,0,0,0,1,0,1,0,0,0,0,1,1,1,1,0,19198.36
7,0,7,7,7,0,0,7,7,7,7,0,0,0,1,0,0,0,0,0,0,1,0,0,0,0,50754.07
7,2,7,5,7,4,1,7,7,7,7,0,0,0,0,1,0,0,1,0,1,0,1,0,0,0,64868.84
7,2,7,3,0,0,0,4,7,7,7,2,0,0,0,2,1,1,1,1,1,1,1,1,0,0,13514.74
7,1,7,3,3,1,1,3,7,7,7,0,0,0,1,0,1,1,1,1,1,1,0,0,0,0,7377.04
7,2,7,2,1,0,1,7,7,7,7,0,0,0,0,1,0,0,1,1,1,0,1,0,0,0,9589.16
7,7,7,7,2,1,2,7,7,7,7,0,0,0,1,1,1,1,1,1,1,1,0,0,0,0,45334.41
7,1,7,7,2,2,1,7,2,7,7,0,0,0,1,0,1,0,1,1,1,1,0,0,0,0,20114.73
7,3,7,7,3,2,0,7,4,7,7,0,0,0,1,1,1,0,1,1,1,1,1,0,0,0,16119.31
7,1,7,7,4,7,3,7,3,7,3,0,0,0,0,1,1,0,1,1,1,1,0,1,1,0,29478.66
7,1,7,5,3,3,0,5,7,7,7,0,0,0,0,3,1,1,1,1,1,1,0,2,0,0,13425.4
7,1,7,7,1,3,0,7,7,7,0,1,0,0,0,2,1,1,1,1,1,1,3,1,0,0,121515.34
7,1,7,7,2,3,4,7,3,7,2,0,0,0,1,0,1,1,1,1,1,1,1,1,0,0,148151.84
7,1,7,7,7,7,1,7,7,7,7,2,0,0,0,3,1,1,1,1,1,1,0,3,0,0,137018.66
7,7,7,3,2,5,1,2,3,7,7,0,0,1,1,0,1,1,1,1,1,1,0,0,0,0,20088.39
7,3,2,1,1,7,0,7,2,7,7,0,0,0,1,0,1,1,1,1,1,1,1,0,0,0,19715.45
7,1,3,7,3,3,0,2,7,7,7,1,0,0,0,3,1,1,1,1,0,1,0,1,1,0,42444.16
7,4,7,7,7,4,1,7,5,7,7,1,0,0,0,1,1,1,1,1,1,1,0,2,1,0,20685.05
7,1,7,7,4,0,1,7,7,7,7,1,0,0,1,0,1,1,1,1,1,1,1,0,0,0,16356.59
4,7,7,7,7,7,1,7,7,7,7,1,0,0,0,1,1,1,1,1,1,1,0,0,0,1,95469.6
4,2,5,2,1,3,0,4,3,7,0,0,0,0,0,0,1,0,1,1,0,1,0,1,0,0,71736.42
7,2,7,2,4,7,1,7,2,7,7,1,0,0,1,0,1,1,1,1,1,0,1,0,0,0,4243.91
5,3,3,5,3,4,1,2,5,5,4,0,0,0,0,0,1,1,1,0,0,0,2,1,0,0,27646.39
7,3,4,2,4,3,1,2,7,7,7,1,0,0,0,1,1,1,1,1,1,1,1,1,1,1,58987.26
7,2,0,7,7,7,1,7,2,7,7,1,2,0,0,0,1,0,1,1,1,0,0,0,0,0,39802.94
7,2,2,2,1,7,1,7,4,7,2,1,0,1,0,1,1,1,1,1,1,2,0,0,0,0,30873.89
7,1,0,0,1,3,0,7,2,7,7,0,0,0,1,1,1,1,1,1,0,1,0,1,1,0,57790.72
7,0,3,0,0,4,3,7,7,7,7,0,0,1,1,2,1,1,1,1,1,0,3,2,1,0,17168.47
7,1,7,7,3,7,2,5,7,7,7,2,0,0,1,2,2,1,2,1,1,1,4,3,1,1,15676.61
7,0,7,7,7,2,3,2,7,7,5,2,0,0,1,1,1,1,1,1,1,1,0,1,1,0,56587.47
7,2,7,7,2,5,3,7,5,7,7,1,0,0,0,3,1,1,1,1,1,1,1,1,1,1,76671.16
7,1,7,7,4,2,1,3,7,7,7,1,0,0,0,3,1,1,1,1,1,2,4,4,1,1,10120.09
7,0,7,7,4,3,1,2,7,7,7,2,0,0,0,2,1,1,1,1,1,1,2,3,1,3,108166.78
7,0,7,7,3,5,3,7,7,7,7,2,0,0,0,4,1,1,1,1,1,1,3,3,1,1,11103.23
7,2,7,7,7,7,3,7,7,7,7,3,0,0,0,4,1,1,1,1,1,1,4,5,1,4,30182.26
3,4,5,5,4,3,3,7,4,7,6,1,0,0,0,1,1,1,1,1,1,1,1,1,1,1,52273.33
7,1,3,0,3,2,0,7,7,7,5,0,0,2,1,1,1,0,1,1,1,1,0,1,1,0,36568.33
7,1,3,3,2,3,1,7,7,7,7,0,0,0,1,2,1,1,1,1,1,1,1,1,1,0,53951.06
7,2,3,5,2,7,0,7,7,7,7,0,0,2,1,0,1,1,1,1,1,1,0,1,0,1,42671.67
7,3,7,7,0,2,0,7,7,7,7,0,0,0,0,0,1,0,1,1,1,1,0,0,0,0,12978.67
7,2,2,2,3,3,1,7,7,7,7,1,0,0,1,2,1,1,1,1,1,1,1,0,0,0,59016.38
7,2,7,7,2,7,0,7,7,7,7,0,0,0,0,0,0,0,0,1,0,0,0,0,0,0,6295.07
3,4,2,2,1,0,1,7,7,7,7,1,0,0,1,0,1,1,1,1,1,1,1,0,0,0,10622.94
7,4,5,7,5,7,3,3,7,7,7,1,0,0,0,1,1,1,1,1,1,1,0,1,0,0,15250.81
5,4,7,4,7,2,2,1,7,7,4,0,0,0,1,2,1,1,1,1,1,1,1,3,1,0,59704.87
7,2,7,7,4,4,2,4,7,7,3,1,0,0,0,3,1,1,1,1,1,1,0,2,0,0,86016.32
7,2,7,7,1,0,0,7,7,7,7,0,0,1,1,0,1,0,1,1,0,1,0,0,0,0,22246.7
7,2,1,7,1,7,2,7,7,7,7,0,0,0,1,1,1,0,1,1,1,1,0,0,0,0,24668.83
7,1,7,1,0,7,0,7,7,7,7,0,2,0,1,0,1,0,1,1,1,1,0,0,0,0,60383.57
7,3,7,7,1,7,1,7,7,7,7,1,0,0,1,0,1,1,1,1,1,1,0,0,0,0,65163.9
7,7,7,7,2,7,0,7,7,7,7,0,0,0,1,1,1,1,1,1,1,1,1,0,0,0,4327.86
7,2,7,7,1,7,1,7,2,7,7,0,0,2,1,0,1,0,1,1,0,1,0,0,0,0,37780.29
7,7,7,7,2,7,0,7,7,7,7,0,0,2,1,1,1,1,1,1,1,1,0,1,0,0,71576.01
7,3,7,7,7,7,1,7,7,7,7,0,0,0,1,1,1,0,1,1,1,1,1,0,0,0,46721.28
7,7,7,7,7,7,1,7,7,7,7,1,0,1,0,1,1,1,1,1,1,1,0,3,0,1,50045.83
7,7,7,7,3,1,3,4,7,7,7,1,0,0,0,1,1,1,1,1,1,1,0,1,0,1,87590.1
7,1,2,3,1,2,1,2,3,7,4,0,0,0,1,0,1,0,1,1,0,1,1,0,0,0,47213.09
7,7,7,7,2,7,2,7,7,7,7,3,0,2,0,1,1,0,1,1,1,3,1,1,1,0,19918.03
7,7,7,7,2,7,1,7,7,7,7,1,0,1,1,1,1,1,1,1,1,1,1,0,0,0,49573.76
7,3,7,4,5,7,3,7,5,7,4,1,0,1,0,1,1,1,1,1,1,0,1,0,0,0,243934.34
7,7,7,7,1,2,0,7,7,7,7,0,0,1,1,1,1,0,1,1,1,1,1,0,0,0,55327.86
7,2,7,7,3,3,1,7,7,7,7,0,0,1,0,0,1,0,1,1,0,1,0,0,0,0,78688.51
7,1,2,7,1,7,2,7,7,7,7,0,1,0,0,1,1,1,1,1,1,1,2,0,0,0,77114.72
7,2,7,5,7,2,0,7,4,7,7,1,0,0,0,1,1,1,1,1,1,1,0,1,0,0,44021.71
7,5,6,3,5,4,1,6,7,7,7,1,1,0,0,3,1,1,1,1,1,1,1,1,0,1,82418.46
7,5,5,5,6,7,2,5,3,7,7,1,0,2,1,1,1,0,1,1,1,1,0,1,0,0,29300.84
7,3,7,7,2,3,3,7,4,7,7,1,0,0,0,1,1,0,1,1,1,1,0,0,0,0,42645.27
7,2,7,7,4,5,3,7,7,7,7,2,0,0,1,2,1,1,1,1,1,2,1,4,1,0,10124.99
7,1,1,7,2,7,0,7,7,7,2,0,0,0,1,0,1,0,1,1,1,1,0,0,0,0,27635.85
7,1,2,6,1,7,0,7,3,7,3,0,0,1,1,1,0,1,1,1,1,1,0,0,0,0,19604.34
7,2,7,3,3,0,2,1,7,7,7,0,0,0,1,1,1,0,1,1,1,1,0,0,0,0,38323.35
4,1,7,7,3,3,2,3,7,7,7,0,0,0,0,0,0,0,0,0,0,0,0,0,0,0,33872.26
7,7,7,7,4,7,0,7,7,7,2,0,0,0,0,0,1,0,1,1,1,1,0,0,0,0,53999.99
7,0,7,7,4,2,2,0,3,7,7,0,0,0,1,1,1,1,1,1,1,1,1,0,0,0,78749.99
7,2,2,3,1,3,0,7,7,7,7,0,0,1,0,1,1,1,1,1,1,1,1,0,0,0,63880.42
7,0,4,4,7,1,1,7,7,7,7,2,0,0,1,2,1,1,1,1,2,1,0,1,1,1,21717.38
0,0,0,0,0,0,0,0,0,0,0,0,0,0,1,0,1,1,0,1,1,1,1,2,1,0,26608.63
7,4,7,7,3,1,0,4,7,7,7,0,0,0,0,2,1,0,1,1,1,0,1,1,0,0,19809.77
7,2,3,2,2,5,1,7,2,7,7,0,0,0,1,0,1,1,1,1,1,1,1,0,0,0,38005.42
7,3,7,2,0,4,0,7,7,7,5,0,0,0,1,0,1,0,1,1,0,1,0,0,0,0,13646.73
7,1,0,7,0,4,0,2,7,7,7,0,0,1,0,1,1,0,1,1,0,1,0,0,0,0,35153.75
7,0,2,7,7,4,0,7,7,7,7,1,0,2,1,0,1,1,1,1,1,1,2,0,0,1,49656.48
7,2,5,7,7,3,1,7,7,7,7,1,1,2,0,2,1,1,1,1,1,2,2,1,0,0,27900.92
7,7,7,5,5,7,2,7,7,7,7,2,0,1,1,1,1,1,1,1,1,1,2,0,0,0,31402.15
7,1,1,7,3,1,1,7,7,7,7,0,0,0,0,1,1,1,0,1,1,1,1,0,0,0,69368.43
7,3,3,3,3,2,2,3,3,7,7,1,0,0,0,1,1,1,1,1,1,1,3,0,0,0,11386.94
7,4,7,7,1,0,1,3,2,7,0,0,0,0,1,0,1,0,1,1,1,1,1,0,0,0,38468.09
7,1,0,2,2,0,1,2,2,3,2,0,0,0,0,0,1,1,1,1,1,0,0,0,0,0,25082.59
7,3,7,3,5,7,0,7,7,7,7,0,0,0,0,0,1,1,1,1,1,1,1,0,0,1,34283.11
7,3,7,7,4,5,0,5,7,7,7,0,0,0,0,0,1,1,1,1,1,1,0,0,0,0,14557.36
7,2,3,4,2,4,0,1,7,7,7,0,0,0,1,1,1,1,1,1,1,1,0,0,0,0,173237.66
7,3,7,7,4,7,0,3,7,7,7,1,0,0,0,2,1,1,1,1,1,1,0,1,0,1,56213.09
7,2,5,7,4,5,2,4,7,7,5,1,0,0,1,2,1,1,1,1,1,1,1,2,1,0,43957.36
7,5,7,7,2,4,1,2,7,2,7,0,0,1,1,2,1,1,1,1,1,1,1,1,0,1,69590.13
7,3,7,7,4,7,3,3,7,7,7,0,0,2,0,0,1,1,1,1,1,1,1,1,0,2,24447.54
7,1,0,7,0,3,0,7,7,7,7,1,0,0,0,0,1,0,1,1,1,1,2,1,0,0,75295.02
7,2,7,7,2,0,0,7,4,0,0,0,0,0,0,0,1,0,0,1,1,1,0,0,0,0,1696.72
7,1,2,7,2,1,1,7,7,7,7,0,0,0,1,1,1,1,1,1,1,1,1,0,0,0,65655.7
7,4,7,7,7,7,7,7,3,7,7,0,0,1,1,2,1,1,2,2,3,1,1,1,0,5,56139.32
4,1,3,3,5,3,2,4,3,7,5,2,0,0,0,2,1,1,1,0,0,0,2,3,1,1,113146.69
7,7,7,7,7,7,2,3,7,7,7,1,0,0,0,1,1,1,1,1,1,1,1,2,1,0,14163.92
7,2,7,7,7,3,0,7,7,7,7,1,0,1,0,1,1,1,1,1,1,1,2,4,1,1,21855.73
7,0,7,7,7,7,0,0,7,7,7,1,0,0,0,0,0,0,0,0,0,0,0,1,0,0,19740.96
7,1,7,7,7,3,1,0,7,7,7,1,0,0,0,0,0,0,0,0,0,0,0,1,0,0,4475.4
7,0,7,7,3,3,2,4,7,7,7,0,0,0,0,1,0,0,0,0,0,0,0,1,0,0,55332.57
7,1,7,7,0,3,1,2,7,7,0,1,0,0,0,2,1,1,1,1,1,1,1,3,3,2,8567.38
7,3,4,7,1,2,2,7,7,7,0,1,0,0,0,1,1,1,1,1,1,1,2,0,0,0,25259.66
7,1,7,7,7,7,2,4,7,7,7,1,0,0,0,3,1,1,1,1,1,1,1,2,1,1,44936.34
7,1,4,1,4,5,2,3,7,7,7,1,0,0,2,2,1,1,1,1,1,1,2,2,1,1,36270.95
7,0,7,7,7,2,0,7,7,7,7,0,0,0,0,1,1,1,1,1,1,1,0,0,0,0,22574.55
7,2,7,7,5,7,2,7,7,7,7,0,0,2,0,0,1,1,1,1,1,1,1,3,0,1,27049.71
7,1,2,7,7,2,1,7,7,7,7,1,0,0,3,4,1,1,1,1,1,1,2,2,1,2,81049.67
7,4,7,7,7,5,2,7,7,7,7,1,0,0,1,3,1,1,1,1,1,1,2,2,1,1,45646.4
7,1,7,7,3,2,1,7,7,7,7,0,0,3,0,1,0,1,1,1,1,1,1,1,0,1,138567.61
7,3,7,3,1,7,1,7,7,7,7,0,0,0,0,0,1,0,1,1,0,1,0,0,0,0,104171.23
7,2,7,3,4,2,0,7,7,7,7,0,0,0,0,0,1,0,1,1,1,1,0,0,0,0,24364.64
7,2,7,3,3,3,0,7,7,7,2,0,0,0,0,0,1,1,1,1,1,1,0,1,0,0,745.85
7,2,7,2,3,3,0,7,7,7,7,0,0,2,1,2,1,1,1,1,1,1,2,0,0,0,99239.64
7,1,7,6,5,1,0,4,7,7,7,0,0,0,0,1,1,1,1,1,1,1,0,0,0,1,24461.39
7,2,3,3,1,3,2,3,3,7,7,0,0,1,1,2,1,1,1,1,1,1,1,1,1,0,24065.21
7,2,6,5,5,3,0,7,7,7,7,0,0,0,1,2,1,1,1,1,1,1,1,1,0,0,52239.13
7,3,7,7,2,7,1,7,2,7,7,1,0,0,0,1,1,1,1,1,1,1,0,0,0,0,8804.34
7,1,7,7,3,7,1,7,5,7,7,2,0,0,0,2,2,1,1,1,1,1,0,2,0,1,81562.49
7,7,3,7,2,3,0,7,3,7,7,0,0,0,0,0,1,0,0,0,0,1,0,0,0,0,33554.32
7,3,1,0,0,4,0,5,5,7,5,0,0,0,1,0,1,0,1,1,1,1,0,0,0,0,33334.2
7,0,0,0,0,0,0,2,0,7,1,0,0,0,0,0,0,0,0,1,1,0,0,0,0,0,42554.33
7,0,0,7,7,1,0,0,7,7,7,0,0,1,0,1,1,1,1,1,1,0,2,1,1,0,263641.23
7,1,1,1,0,1,0,7,7,7,7,0,0,0,0,1,1,0,1,1,1,1,1,0,0,0,75228.24
7,4,3,7,2,6,0,1,5,7,7,0,0,0,0,1,1,1,1,1,1,1,0,1,0,0,11240.2
7,1,3,1,1,7,0,7,7,7,7,0,0,1,0,0,1,0,1,1,1,1,0,0,0,0,42529.86
7,1,7,7,5,2,1,7,7,7,7,0,0,0,0,2,1,0,1,1,1,1,1,0,0,0,106917.98
7,1,1,1,3,3,0,4,7,7,7,0,0,0,0,1,2,1,1,1,1,1,1,1,0,0,26163.9
7,2,2,2,3,7,1,7,7,7,7,0,0,0,0,1,1,1,1,1,1,2,0,0,0,0,14754.07
7,3,2,2,0,2,0,7,7,7,7,0,0,0,0,0,1,0,0,1,0,0,0,0,0,0,54458.31
7,1,1,1,1,2,0,7,7,7,7,0,0,1,1,0,1,0,1,1,1,0,0,0,0,0,49032.77
7,7,7,3,1,2,0,7,7,7,7,1,0,1,1,1,1,0,1,1,1,1,0,0,0,0,22475.89
7,3,7,7,3,7,0,7,7,7,7,1,0,0,0,0,1,0,1,1,1,1,0,0,0,0,5350.8
7,1,2,7,1,7,0,7,7,7,7,1,0,1,1,0,1,1,1,1,1,1,1,0,0,0,13544.25
7,1,7,7,0,7,0,7,7,7,7,1,0,0,1,0,1,0,1,1,1,1,0,0,0,0,77901.57
7,3,7,2,2,0,1,2,7,7,7,0,0,0,0,0,1,1,1,1,1,1,1,0,0,0,33113.08
7,0,7,7,3,3,2,0,7,7,7,0,0,0,0,1,1,1,1,1,1,1,1,0,0,0,34436.02
2,0,7,7,1,0,0,0,3,7,7,1,0,0,0,1,1,1,1,1,0,1,1,1,1,0,70081.91
7,7,7,7,3,3,3,7,7,7,0,1,1,0,0,1,1,0,1,1,1,1,1,0,0,0,36088.49
7,1,3,7,7,0,0,1,7,7,7,0,0,0,0,1,1,1,1,1,1,1,2,1,0,1,45885.19
7,0,7,7,7,2,7,0,3,7,7,1,0,0,1,2,1,1,1,1,1,1,3,3,1,2,31229.48
7,1,4,1,3,5,1,2,7,7,5,1,1,0,0,1,1,1,1,1,1,1,0,0,0,0,17459.01
0,0,0,0,0,0,0,0,0,0,0,0,0,0,0,0,0,0,1,1,0,0,0,0,0,0,24506.53
4,3,3,1,3,2,3,0,7,7,0,1,0,0,0,1,1,1,1,0,0,1,0,1,1,0,7032.77
7,3,7,5,4,3,2,2,6,7,7,1,0,2,1,2,1,1,1,1,1,1,1,2,0,1,50114.72
7,3,3,7,7,3,2,7,3,7,7,0,0,0,0,0,1,0,1,1,0,2,0,0,0,0,55303.23
7,0,0,0,0,4,0,7,3,7,0,0,0,1,1,0,0,0,1,1,1,1,1,0,0,0,11803.27
3,1,2,0,0,2,0,3,3,2,3,0,0,0,0,0,1,1,1,1,0,1,1,0,0,0,24137.66
7,0,2,0,3,2,0,7,0,7,7,1,0,1,0,0,1,0,1,1,1,1,0,0,0,2,28770.46
7,1,0,7,3,1,0,4,7,7,7,0,0,0,0,0,0,1,0,1,0,0,0,0,0,0,5557.37
7,1,2,3,3,1,1,7,2,7,7,1,0,0,0,0,1,1,1,1,1,1,1,0,0,0,23237.69
7,0,3,7,2,2,0,7,2,7,0,0,0,0,0,0,1,1,1,1,1,1,1,0,0,0,57295.06
7,0,0,1,0,7,0,7,7,7,7,0,0,0,0,0,0,0,0,1,0,0,0,0,0,0,11616.82
7,7,1,7,7,7,0,1,7,7,0,0,0,0,1,0,1,0,1,1,0,1,0,0,0,0,144136.88
7,1,3,5,4,3,0,4,7,3,7,0,0,0,1,0,1,1,1,1,1,1,0,0,0,0,99782.59
7,3,5,7,5,2,1,5,7,7,7,0,0,0,0,0,1,1,1,1,1,1,0,0,0,1,23038.04
7,5,5,5,5,3,1,5,5,5,5,1,0,1,1,0,1,1,1,1,0,0,1,1,0,0,18195.65
4,0,2,6,3,7,1,4,2,7,6,1,0,0,0,2,1,1,1,1,1,1,0,3,1,0,106532.58
5,2,2,7,1,0,2,5,7,7,0,1,0,0,1,0,1,0,1,2,1,1,0,0,0,0,83739.1
7,1,3,7,3,7,1,5,7,7,5,2,0,0,0,1,1,1,1,1,1,1,1,2,1,0,44999.99
7,1,7,7,3,4,0,7,7,7,4,3,0,0,0,1,1,1,1,1,1,2,1,2,1,0,74788.02
7,3,7,7,3,2,1,7,7,7,0,1,0,0,1,2,1,1,1,1,1,0,0,0,0,0,19711.94
5,2,5,4,6,3,1,3,7,4,1,0,0,0,1,4,1,1,2,1,1,1,7,4,2,3,32160.3
3,0,7,7,3,1,2,3,3,7,7,1,0,0,1,1,1,1,1,1,1,1,2,0,0,0,17608.69
7,1,7,7,3,2,1,7,7,7,7,0,0,4,2,1,1,1,1,1,1,1,0,1,0,1,34077.69
7,7,7,7,3,7,2,2,3,2,7,0,0,0,0,2,1,1,1,1,1,1,1,1,1,0,49830.09
7,1,7,7,2,2,1,7,7,7,7,0,0,0,0,1,1,1,1,1,1,1,3,1,0,0,51089.6
7,1,7,7,3,2,0,7,7,7,7,0,0,0,1,0,1,1,0,1,1,1,0,0,0,0,12394.55
7,3,5,5,3,7,0,7,5,7,7,1,0,0,1,2,1,1,1,1,1,1,1,1,1,0,23184.74
7,0,7,3,2,2,1,6,7,7,7,0,0,0,1,0,1,1,1,1,1,1,1,0,0,0,8804.34
4,3,3,4,2,7,2,1,4,3,3,0,0,0,1,1,1,1,1,1,1,1,0,2,1,0,34777.13
3,0,1,0,5,3,0,3,3,7,7,2,0,1,1,1,1,1,1,1,1,1,1,1,0,1,57570.62
7,2,4,7,7,2,2,4,7,7,5,4,0,0,1,3,2,0,1,1,1,1,0,4,2,2,53413
7,2,3,7,2,0,0,7,7,7,7,2,0,0,1,1,1,1,1,1,0,1,1,1,0,1,171586.92
7,3,5,3,1,4,0,4,3,7,7,1,0,0,3,0,1,1,1,1,1,1,0,0,0,0,91552.93
7,1,7,0,2,7,0,7,3,7,7,3,0,0,0,0,1,1,1,1,1,1,3,1,1,0,31036.26
7,2,5,5,3,7,1,2,7,7,4,1,0,0,1,1,1,1,1,1,1,1,0,0,0,0,63723.86
7,7,5,5,4,5,3,6,4,7,2,0,0,0,0,0,1,0,1,1,1,1,0,0,0,0,3081.51
7,2,3,7,2,0,2,7,2,7,7,0,0,0,0,0,1,1,1,1,1,1,0,0,0,0,50796.19
7,1,4,2,3,3,0,4,3,7,4,1,0,0,0,0,1,1,2,1,1,1,1,0,0,0,7336.95
7,1,7,7,7,2,1,4,7,7,1,1,0,0,0,3,1,1,1,1,1,1,3,2,0,0,12717.38
7,4,7,7,3,4,3,4,7,7,7,1,0,0,0,0,1,1,1,1,1,1,2,1,1,0,25434.76
7,1,7,7,0,0,2,3,7,7,2,0,0,0,1,0,0,0,0,1,0,1,0,0,0,0,27024.43
7,2,7,7,3,3,0,7,3,7,7,1,0,0,0,1,1,1,1,1,1,1,2,1,1,0,18782.6
7,2,7,7,3,3,1,7,7,7,3,2,0,0,0,1,1,1,1,1,1,1,0,3,1,0,16874.97
7,2,3,7,7,7,3,7,7,7,7,1,0,0,0,0,1,0,1,1,1,1,0,1,1,0,42187.48
7,1,1,0,3,1,1,2,7,7,7,0,0,0,0,2,1,1,1,1,1,1,1,2,0,2,25884.78
7,1,0,1,1,2,0,7,7,7,7,0,0,0,0,1,1,0,1,1,1,1,0,0,0,0,5135.86
7,1,7,7,7,7,2,3,7,7,7,1,1,0,0,0,1,1,1,1,1,1,0,1,0,1,88821.19
7,0,2,3,2,3,6,2,4,6,4,0,0,2,0,2,1,1,1,1,1,1,5,1,0,1,6847.82
7,2,5,7,3,0,0,7,7,7,7,0,0,0,0,1,1,0,1,1,1,0,0,0,0,0,16164.77
2,2,7,7,3,3,3,0,7,7,3,0,0,0,0,1,1,1,1,1,1,1,0,1,0,0,32013.56
7,2,7,7,1,1,0,7,3,7,7,0,0,0,1,0,1,0,1,1,1,1,0,0,0,0,19100.52
7,2,7,3,0,0,0,7,7,7,1,0,0,0,1,1,1,0,1,1,1,1,0,0,0,0,49255.41
7,3,7,7,7,7,0,7,7,7,5,0,0,0,0,3,1,1,1,1,1,1,0,1,1,0,15260.86
7,1,7,7,2,1,1,7,7,7,3,1,0,0,0,0,1,1,1,1,1,0,0,1,0,0,16737.53
5,2,7,5,4,0,0,7,4,7,4,0,0,0,0,1,1,1,1,1,1,0,0,1,0,0,17256.51
7,3,7,3,3,3,0,3,2,7,7,0,0,0,0,0,1,0,1,1,1,1,1,0,0,0,9014.65
7,2,4,7,2,3,0,7,7,7,1,1,0,0,1,1,1,1,1,1,1,1,1,1,0,0,42358.67
7,3,3,3,3,3,0,3,0,7,2,0,0,1,0,0,1,1,1,1,0,0,0,0,0,0,17021.73
7,2,5,7,3,1,2,7,7,5,0,0,0,0,0,1,1,1,1,1,2,1,0,1,0,0,53804.32
0,2,4,3,2,1,4,0,3,2,1,0,0,0,0,1,1,1,1,1,1,1,0,1,0,0,18586.95
7,7,7,7,2,7,3,3,7,3,2,1,0,0,0,2,1,1,1,1,1,1,0,2,1,0,7967.2
7,2,7,7,2,1,1,7,7,7,7,2,0,1,1,2,1,1,1,1,1,1,0,2,1,0,41016.37
3,1,7,7,1,1,1,3,7,7,7,2,0,0,0,2,1,1,1,1,1,1,1,1,0,0,64918.02
7,7,7,7,2,0,0,2,3,7,2,2,0,0,1,0,1,0,1,1,1,1,1,1,0,0,30786.87
2,0,7,7,7,3,0,1,7,7,7,2,0,0,0,2,1,1,1,1,1,1,3,3,1,1,102417.98
7,0,7,7,7,1,0,0,7,3,0,1,0,0,0,2,1,1,1,1,1,1,0,1,0,1,82696.71
5,0,7,7,4,7,3,3,7,7,7,2,0,0,0,2,1,1,1,1,1,1,1,2,1,1,50163.93
7,7,7,7,7,7,1,5,7,7,7,1,0,0,1,1,1,1,1,1,1,1,1,1,1,0,173680.29
7,2,2,2,2,5,0,5,7,7,7,1,0,0,1,1,1,1,1,1,1,1,0,1,1,1,36855.22
3,0,3,4,0,0,0,7,2,4,2,0,0,0,1,0,1,1,1,1,1,1,0,1,0,0,35502.72
7,2,7,7,7,5,1,4,7,7,7,0,0,0,1,2,1,1,1,1,1,1,0,1,1,0,11933.7
5,2,4,1,6,2,1,1,4,6,7,1,0,0,0,2,1,1,1,1,1,1,0,2,0,1,57156.34
4,0,2,3,7,4,1,3,5,7,4,1,0,0,0,3,1,1,1,1,1,1,5,4,1,0,31548.9
7,0,7,7,7,7,2,7,7,7,7,1,1,0,1,2,1,1,1,1,1,1,1,2,1,1,25434.77
1,0,0,0,1,0,0,0,0,0,3,1,1,0,0,2,0,1,1,1,0,0,0,0,0,1,14086.95
7,2,4,3,3,0,1,7,7,7,1,0,1,0,1,0,1,1,1,1,1,1,0,0,0,0,17168.46
7,2,7,4,2,7,0,4,3,7,7,0,0,0,0,1,1,0,1,1,1,1,0,0,0,0,46662.99
7,3,7,3,1,7,0,7,7,7,7,0,0,1,0,0,1,0,0,1,0,0,0,0,0,0,55369.55
7,1,7,3,1,5,0,7,7,7,5,0,0,0,0,0,1,0,0,1,0,1,0,0,0,0,42309.75
7,2,7,7,2,3,0,7,7,7,7,0,1,0,0,1,1,1,1,1,1,2,2,0,0,1,16581.51
7,2,5,4,2,2,0,3,7,7,7,0,0,0,0,0,1,1,2,1,1,1,0,0,0,0,6358.69
7,1,7,1,4,7,1,7,7,7,7,0,1,0,0,2,2,1,1,1,1,1,0,0,0,0,35217.39
7,1,1,1,1,7,0,7,7,7,7,0,0,0,0,0,1,0,1,1,1,0,1,0,0,0,4499.99
7,1,5,3,1,1,0,5,5,7,0,0,0,0,1,0,1,0,1,1,1,0,0,0,0,0,41518
7,2,7,7,2,2,2,7,7,7,2,1,2,0,0,0,1,1,1,1,1,1,0,0,0,0,113093.05
7,2,5,7,2,2,2,2,4,7,7,1,0,0,0,1,1,1,1,1,1,1,1,1,1,1,6491.8
7,3,7,7,2,4,0,4,7,5,5,1,0,0,0,0,1,0,1,1,1,1,0,1,0,0,28893.42
7,4,7,7,3,4,3,3,7,7,7,0,0,0,0,2,1,1,1,1,1,1,1,1,0,1,16032.78
7,0,2,7,7,1,1,7,7,7,7,2,0,0,1,1,1,1,1,1,1,4,0,2,1,0,92763.9
7,1,5,0,1,4,0,5,0,7,7,0,0,0,0,0,1,0,0,1,1,2,0,0,0,0,12309.82
7,2,4,4,5,3,2,4,7,7,7,1,0,0,1,1,1,0,1,1,1,1,0,0,0,1,28180.3
7,0,7,7,4,0,0,1,3,7,7,0,0,0,0,1,1,0,1,1,1,1,0,0,0,0,25893.41
7,2,4,7,4,2,2,5,7,2,7,0,0,0,1,2,1,1,1,1,1,1,3,1,1,0,24885.23
7,1,7,7,3,3,1,3,7,3,1,0,0,0,1,0,1,1,1,1,1,1,3,1,1,0,41808.18
7,7,3,7,1,0,1,7,7,7,7,0,0,0,0,0,1,0,1,1,0,0,0,0,0,0,23660.6
7,2,4,3,7,3,0,3,7,7,7,0,0,0,0,1,1,1,1,1,1,1,0,1,0,1,198311.75
7,2,7,3,2,7,0,7,2,7,7,0,0,0,1,0,1,0,1,1,1,1,0,0,0,0,73475.35
7,2,7,4,3,4,0,7,7,7,3,1,0,0,0,0,1,0,1,1,1,1,0,0,0,0,42194.72
7,3,4,2,1,3,1,4,7,4,3,0,0,0,0,0,1,1,1,1,1,1,1,0,0,0,4072.61
7,1,7,7,1,7,1,7,7,7,7,1,0,0,1,0,1,1,1,1,1,1,1,0,0,1,15516.36
7,2,2,3,2,7,0,7,2,7,7,1,0,1,0,0,1,1,1,1,1,1,0,1,0,0,26999.99
0,0,0,0,0,0,0,0,0,0,0,0,0,0,0,0,0,0,1,1,0,1,0,0,0,0,35409.83
7,2,3,5,7,5,1,7,7,7,0,2,0,0,0,2,1,1,1,1,1,1,1,1,0,0,8640.98
7,2,3,3,0,7,0,7,0,7,7,0,0,0,0,0,0,0,1,1,1,0,0,0,0,0,68520.43
7,0,4,7,2,0,0,7,7,7,1,0,0,1,1,0,1,0,1,1,1,1,1,0,0,0,68758.93
7,0,7,1,3,7,0,7,3,7,7,0,0,0,1,0,1,0,1,1,0,1,1,0,0,0,70819.66
7,2,2,2,1,1,0,2,7,7,0,0,0,0,0,0,1,0,1,1,1,0,0,0,0,0,3196.72
7,3,7,7,3,3,0,6,7,7,7,2,0,1,1,1,1,1,1,1,1,1,0,2,0,0,11606.54
7,2,4,0,1,3,0,7,3,7,7,0,0,0,1,0,0,0,1,1,0,1,0,0,0,0,102393.41
7,0,7,3,1,1,0,7,7,7,7,0,0,0,0,0,1,0,1,1,1,1,1,0,0,0,61728.23
7,0,4,3,0,3,0,7,5,7,3,0,1,1,1,0,1,0,1,1,0,1,0,0,0,0,13177.14
7,2,4,3,2,2,0,4,6,7,2,0,0,0,0,0,1,0,1,1,1,1,0,0,0,0,5380.43
7,1,5,7,7,3,0,7,7,7,3,0,1,0,1,1,1,0,1,1,2,1,0,1,0,1,36210.26
7,1,7,7,5,0,2,3,7,3,4,0,0,0,1,1,1,0,1,1,0,1,0,0,0,0,6136.13
7,2,7,7,3,7,2,7,7,7,7,1,0,0,0,1,1,1,1,1,1,1,2,1,0,0,83152.16
7,0,7,7,3,1,2,5,7,7,3,1,0,0,0,0,1,0,1,1,1,1,0,0,0,0,53315.17
0,0,0,0,0,0,0,0,0,0,0,0,0,0,0,0,1,1,1,1,1,0,0,0,0,0,69187.43
7,0,7,3,5,2,0,3,7,5,2,1,0,0,1,1,1,1,1,1,1,1,0,1,1,1,55858.66
7,2,5,7,4,2,3,5,7,7,7,1,0,0,0,2,1,1,1,1,1,1,0,2,1,0,16385.86
7,3,6,6,7,3,1,2,7,6,6,2,1,0,0,3,1,1,1,1,1,1,2,0,0,1,24368.45
7,3,7,7,5,0,2,7,7,7,7,1,0,1,0,2,1,1,1,1,1,1,3,4,1,4,23478.26
7,2,7,0,3,3,1,1,3,7,7,3,0,0,0,1,1,1,1,1,1,1,1,1,0,0,31304.33
0,0,7,7,0,0,3,0,7,0,0,0,0,0,0,1,1,1,1,1,1,1,0,0,0,0,39487.43
7,3,7,7,7,2,1,7,7,7,7,2,0,0,2,1,1,1,1,1,1,1,2,3,1,0,33016.29
7,7,7,7,4,2,1,4,7,4,7,1,0,0,0,2,1,1,1,1,1,1,1,1,1,0,58010.84
5,1,5,7,7,7,0,7,7,7,7,1,0,0,0,4,1,1,1,1,1,1,1,2,1,2,29201.07
7,7,7,7,7,7,0,0,0,7,0,7,3,0,1,3,1,1,1,1,1,1,0,2,1,2,45978.23
7,1,7,7,4,1,1,2,7,7,7,0,0,0,2,3,1,1,1,1,1,1,3,2,1,0,74386.94
3,2,3,5,1,5,5,3,7,3,0,2,0,0,1,1,1,1,1,1,1,1,1,2,1,0,33456.51
7,2,7,7,3,1,0,7,7,7,7,1,0,0,0,2,1,1,1,1,1,1,3,1,0,0,58010.85
7,7,7,7,7,7,7,7,7,7,7,1,0,0,0,1,1,1,1,1,1,1,2,0,0,0,27684.76
7,1,7,7,3,7,4,5,7,7,7,0,0,0,0,2,1,0,1,1,1,1,2,1,1,0,44266.29
7,7,7,7,7,7,7,7,7,7,7,3,0,0,0,6,1,1,1,1,1,1,4,4,1,1,57389.66
7,1,7,7,3,3,1,5,7,7,7,0,0,0,0,3,1,1,1,1,1,1,4,6,1,1,51148.29
7,7,7,2,2,1,0,7,7,7,2,0,0,0,0,0,1,0,1,1,1,1,0,0,0,0,21032.59
7,2,4,7,3,0,1,2,2,7,2,0,0,0,0,2,1,1,1,1,1,1,2,3,1,0,29968.99
7,0,7,7,7,2,0,3,7,7,7,2,0,0,0,2,1,1,1,1,1,1,3,3,0,2,58108.63
7,3,7,7,6,7,0,7,7,7,1,2,0,0,0,3,1,1,1,1,1,1,2,6,2,1,30220.4
7,2,7,5,3,3,2,2,7,7,7,0,1,1,0,1,1,0,1,1,1,1,2,1,0,0,14835.28
7,1,7,7,2,3,2,1,3,7,7,1,0,0,0,2,1,1,1,1,1,1,1,1,0,0,7439.66
7,2,7,7,3,2,3,4,4,7,1,1,0,1,0,2,1,0,1,1,1,1,2,1,1,1,28105.41
7,2,7,7,6,5,2,2,7,7,4,1,0,2,0,1,1,0,1,1,1,1,0,4,2,1,19858.68
7,4,7,7,0,7,0,7,7,7,0,0,0,0,0,1,1,1,1,1,1,1,1,0,0,0,43943.45
7,7,7,7,2,0,0,5,5,7,3,0,0,0,0,0,1,0,1,1,1,0,0,0,0,0,17612.58
7,1,3,0,3,2,1,2,7,7,7,0,0,0,1,0,1,0,1,1,1,1,0,0,0,0,14673.9
5,2,5,7,3,4,2,5,7,5,3,1,0,0,1,0,0,0,0,1,1,1,0,0,0,0,48448.32
7,1,7,7,2,0,0,3,7,7,1,0,0,1,0,0,1,0,0,1,0,1,0,0,0,0,12619.55
7,3,7,2,1,3,0,7,7,7,7,0,0,1,0,0,1,0,1,1,0,0,1,0,0,0,41062.47
7,3,3,3,3,2,1,7,7,7,7,1,0,2,0,2,1,0,1,1,1,1,1,1,1,0,27171.18
7,1,1,2,1,7,1,4,4,3,1,0,1,0,3,1,1,1,1,1,1,1,0,1,0,0,61630.4
7,2,3,7,7,7,2,4,7,7,7,2,0,0,0,3,1,1,1,1,1,1,2,2,2,3,31059.76
0,0,0,0,0,0,0,0,0,0,0,0,0,0,0,0,1,1,1,1,1,1,0,0,0,0,18872.6
7,2,4,7,7,3,0,7,7,7,7,1,0,0,1,1,1,1,1,1,0,1,1,1,0,0,10271.73
0,0,0,0,0,0,0,0,0,0,0,0,0,0,1,0,0,0,1,1,1,1,0,0,0,0,18684.76
7,4,6,4,4,1,3,2,7,7,7,0,0,0,1,0,1,1,1,2,0,1,1,0,0,0,42260.85
5,0,0,3,0,2,1,0,0,0,4,1,0,0,0,1,1,1,1,1,1,1,2,2,1,0,30531.49
7,3,7,7,7,7,1,0,7,7,7,0,0,0,0,1,0,0,1,1,0,1,1,1,0,0,5380.42
7,7,7,7,2,1,1,7,7,7,7,1,0,0,2,1,1,1,2,1,2,1,3,0,0,0,9449.97
7,1,0,7,7,0,1,0,7,7,7,0,0,0,0,0,1,0,1,1,2,1,0,0,0,0,34165.75
7,0,3,0,0,0,0,7,2,7,7,0,0,0,1,1,1,1,1,1,1,1,1,0,0,0,14086.93
7,1,7,7,1,2,2,7,7,7,0,1,0,0,1,0,1,1,1,1,1,1,0,0,0,0,26754.09
7,0,3,7,4,4,1,7,7,5,7,2,0,1,0,1,1,1,1,1,1,1,1,1,1,1,124967.19
7,2,3,1,1,2,1,7,2,7,7,0,0,0,0,0,1,0,1,1,1,1,2,1,1,1,65386.72
7,2,2,3,2,3,0,5,3,5,5,1,0,0,0,2,1,1,1,1,1,1,2,0,0,0,63934.37
7,0,2,7,1,2,1,7,7,7,7,1,0,2,1,1,1,1,1,1,1,1,0,0,0,0,85327.85
7,0,4,3,3,1,2,2,0,7,7,1,0,0,0,1,1,1,1,1,1,1,1,0,0,0,47822.92
7,3,3,7,4,2,0,0,7,7,7,1,0,0,1,1,1,1,1,1,1,1,1,0,0,1,80621.29
7,0,4,3,4,7,1,7,7,7,7,1,0,0,0,0,0,0,1,1,0,1,0,0,0,1,139917.99
7,3,7,7,5,3,0,7,7,7,7,2,0,0,0,2,1,1,1,1,1,1,3,1,1,0,33786.84
7,2,3,7,4,0,0,5,4,7,7,1,0,0,1,1,1,1,1,1,1,1,0,0,0,0,133967.16
7,1,3,5,4,5,1,6,7,7,7,1,0,0,0,1,1,1,2,1,1,1,0,1,0,1,11803.27
7,2,2,4,4,3,0,2,7,7,7,0,0,0,1,2,1,1,1,1,1,1,0,0,0,0,20901.62
7,7,2,2,1,4,1,3,2,5,1,1,0,1,0,0,1,1,1,1,1,1,0,0,0,0,37770.46
7,1,7,7,7,7,1,7,7,7,7,1,0,0,1,0,1,1,1,1,1,1,0,0,0,0,49839.31
7,3,7,7,7,2,1,3,7,7,7,0,0,0,2,1,1,1,1,1,1,1,0,1,0,0,53593.71
7,4,5,4,2,7,0,4,7,7,2,1,0,1,1,2,1,1,1,1,1,1,1,1,1,1,11803.27
7,1,0,2,0,4,0,7,7,7,7,0,0,0,0,0,1,0,1,1,1,1,0,0,0,0,10426.21
7,2,7,7,3,2,1,7,7,7,2,1,0,0,0,1,1,1,1,1,1,1,1,1,0,0,45172.1
7,4,7,3,4,2,0,7,7,7,5,1,0,0,0,2,1,1,1,1,1,1,1,1,0,0,26173.72
7,7,7,7,7,7,7,7,7,7,7,1,0,0,0,1,1,1,1,1,1,1,0,0,0,0,37524.55
7,0,5,0,2,5,1,4,7,7,7,0,0,0,0,0,1,1,1,0,1,1,1,1,0,0,32606.55
7,0,7,7,7,1,1,7,7,7,7,2,0,0,1,2,1,1,1,1,1,1,0,1,0,0,36195.63
7,2,7,2,7,2,1,4,7,7,7,0,0,0,2,1,1,1,1,1,2,1,0,1,2,0,55271.73
7,0,7,3,7,5,0,1,7,7,5,1,0,0,2,0,1,1,1,3,1,1,1,4,1,1,34679.32
7,1,7,7,4,7,2,7,4,7,7,0,0,0,1,0,1,0,1,1,1,1,0,1,0,0,63978.23
7,3,7,3,3,2,0,6,7,7,7,0,0,0,1,0,1,1,1,1,1,1,0,0,0,0,102326.07
7,7,7,0,2,0,0,5,0,7,0,0,0,0,0,0,1,0,1,1,0,0,0,0,0,0,88777.14
7,2,4,7,4,3,2,4,4,7,7,0,1,0,0,1,1,1,1,1,1,1,0,0,0,0,37907.59
7,3,3,7,3,3,1,3,7,7,7,1,0,0,1,2,1,1,1,1,1,1,1,0,0,0,43063.03
7,1,2,3,4,3,0,7,7,7,7,2,0,0,1,3,2,1,1,1,2,1,2,1,0,1,53559.73
7,4,7,7,5,2,2,3,7,7,7,0,0,0,1,1,1,1,1,1,1,1,1,2,1,0,43728.21
0,0,0,0,0,0,0,0,0,0,0,0,0,0,1,0,0,0,0,0,0,1,0,0,0,0,34141.29
7,2,7,7,7,2,0,2,7,7,7,0,0,0,1,1,1,1,1,1,1,2,1,1,1,1,15627.7
7,1,2,7,3,7,1,7,7,7,7,0,0,0,2,1,1,1,1,1,2,1,1,1,1,1,7043.47
7,7,7,7,0,0,0,1,0,0,0,1,0,0,1,1,1,1,1,1,1,1,0,0,0,0,31940.17
7,2,2,4,4,7,2,7,3,7,7,1,0,0,0,1,1,0,1,1,1,0,1,0,0,0,53388.57
7,1,5,7,4,7,1,5,7,7,3,1,0,0,1,1,1,0,1,1,0,1,0,1,0,0,77263.99
7,1,7,7,3,3,3,5,7,7,3,1,0,0,1,0,1,0,1,1,1,1,0,1,0,0,44589.11
7,0,3,5,7,4,3,1,5,7,7,1,0,0,1,0,1,1,1,1,1,1,0,0,0,0,58861.92
5,2,4,2,3,4,0,6,7,7,7,0,0,0,1,0,1,1,1,1,1,1,0,1,0,0,21917.9
7,1,5,7,6,1,1,5,7,7,1,1,0,0,1,2,1,1,1,1,1,1,0,1,0,1,38623.2
5,1,5,7,2,7,1,7,7,7,3,0,0,0,0,0,1,0,1,1,1,1,0,0,0,0,121255.41
7,3,5,7,3,7,1,7,7,7,5,1,0,0,1,1,1,1,1,1,1,1,0,0,0,0,44227.16
7,0,4,3,5,2,0,7,7,5,7,1,0,0,1,2,1,1,1,1,1,1,1,1,0,1,13030.43
7,2,7,7,4,4,2,3,7,7,0,1,0,0,1,0,1,0,1,1,1,1,0,1,0,0,41722.8
7,2,3,0,2,4,2,6,7,7,7,0,0,0,0,0,1,1,2,1,2,1,0,0,0,0,48423.89
7,2,7,5,4,3,2,7,5,7,7,1,0,1,0,1,1,0,0,1,0,1,0,0,0,0,25057.15
7,2,2,0,3,7,0,2,7,7,7,0,1,0,0,0,1,0,1,1,1,1,0,0,0,0,66091.23
7,1,7,0,1,7,0,7,7,7,5,0,0,0,0,0,1,0,0,1,0,1,1,0,0,0,67514.62
7,1,1,3,1,2,0,7,7,7,7,0,0,0,0,0,1,0,1,1,1,1,0,0,0,0,35119.54
7,3,4,7,1,2,0,7,7,7,7,0,0,1,1,0,1,0,0,1,0,1,0,0,0,0,53904.58
7,2,7,2,1,0,0,7,7,7,2,0,0,1,1,0,1,0,0,1,0,0,0,0,0,0,49279.86
7,3,7,4,2,4,0,7,7,7,7,0,0,0,0,2,1,1,1,1,0,1,0,0,0,0,59900.35
0,0,0,0,0,0,0,0,0,0,0,0,0,0,0,0,0,0,0,0,0,0,0,0,0,0,65679.41
5,2,7,0,3,2,0,7,7,7,7,0,0,2,1,0,1,0,1,1,1,1,0,0,0,0,14038.03
7,2,5,2,1,2,0,2,7,7,7,0,0,0,1,0,1,0,1,1,1,1,0,0,0,0,31402.16
7,2,7,3,2,3,0,5,7,7,2,0,0,0,1,0,1,1,1,1,1,1,0,0,0,0,25459.2
7,1,7,2,2,7,0,7,7,7,2,0,0,0,1,0,1,0,1,1,1,1,0,0,0,0,30937.43
7,2,7,7,2,7,0,7,7,7,7,1,0,0,0,0,1,0,1,1,1,1,0,0,0,0,48235.56
7,1,7,2,3,2,0,3,7,7,7,0,0,0,0,0,1,1,1,1,1,1,0,0,0,0,37922.23
0,0,0,0,0,0,0,0,0,0,0,0,0,0,1,0,0,0,0,0,0,0,0,0,0,0,74279.24
7,2,5,3,2,7,0,7,7,7,2,0,0,2,1,0,1,0,1,1,0,1,0,0,0,0,31436.36
7,1,7,7,2,3,0,7,7,7,7,1,0,0,0,0,1,1,1,1,1,1,0,0,0,0,44672.22
7,1,7,7,5,3,0,3,7,7,2,2,0,0,0,1,1,1,1,1,1,1,0,1,0,0,2756.24
7,2,2,5,2,7,0,7,2,7,2,0,0,0,0,1,1,1,1,1,1,1,0,0,0,0,31617.38
7,2,3,3,2,3,0,3,1,7,7,0,0,0,0,0,1,1,0,1,0,0,0,0,0,0,17608.69
7,0,3,2,5,7,0,3,5,7,2,0,0,1,0,1,1,0,1,1,1,1,0,0,0,0,18293.45
7,3,0,1,2,1,0,7,0,7,3,0,0,1,2,0,1,0,1,1,1,1,0,0,0,0,45978.2
7,3,3,7,3,1,0,3,7,7,3,0,0,0,0,0,0,0,1,0,0,0,1,0,0,0,28036.93
7,0,3,0,1,1,0,4,0,7,7,0,0,1,1,1,0,0,1,1,1,0,0,0,0,0,4402.17
7,3,1,7,2,0,0,7,2,7,3,1,0,0,0,0,1,1,1,1,1,0,0,0,0,0,79371.15
7,1,0,7,1,0,0,7,3,7,7,0,0,1,0,0,1,0,0,1,0,0,0,0,0,0,9073.35
7,2,4,4,2,3,0,3,2,7,7,0,0,1,0,1,1,0,1,1,1,1,1,0,0,0,68404.84
7,2,7,2,2,7,0,7,7,7,1,0,0,3,0,0,1,0,1,1,1,2,0,0,0,0,61385.81
5,2,2,4,0,0,1,7,2,7,4,0,0,0,1,0,1,0,1,1,0,1,0,0,0,0,135855.93
7,0,2,7,3,2,0,4,7,7,7,0,0,0,1,1,1,0,0,1,0,0,0,0,0,0,12619.55
7,0,7,7,5,5,3,3,6,7,0,2,0,0,0,0,1,1,1,1,2,1,1,0,0,0,11983.68
2,0,7,7,7,3,2,4,7,7,2,0,0,0,0,2,1,1,1,1,1,1,4,2,0,2,18425.53
7,1,7,3,3,4,1,0,7,4,7,3,0,0,0,2,2,1,1,1,1,2,2,1,0,0,14905.56
7,1,7,7,7,3,1,7,7,7,7,1,0,0,1,2,1,1,1,1,1,1,1,3,1,2,74926.16
7,0,3,7,4,6,2,7,4,7,7,1,1,1,0,3,1,1,1,1,1,1,1,0,0,0,23638.49
7,7,7,6,7,7,3,5,7,7,7,0,0,0,0,1,1,0,1,1,0,1,0,1,0,0,31770.46
7,1,3,6,7,2,1,2,7,7,7,0,0,0,1,1,1,1,1,1,1,1,1,1,0,0,33226.22
7,0,7,7,4,1,1,3,7,7,7,1,0,1,0,2,1,1,1,1,1,1,2,1,0,1,99849.31
7,2,7,7,3,2,3,4,3,7,1,1,0,1,0,2,1,1,1,1,1,1,2,3,1,1,32508.17
7,3,7,5,4,7,0,7,7,7,5,1,0,0,1,3,1,0,1,1,1,1,1,1,0,1,40839.33
7,4,7,4,7,2,0,4,7,7,7,2,0,0,1,2,1,1,1,1,1,1,0,0,0,0,27295.05
7,2,4,4,1,3,0,7,1,7,4,1,0,0,1,1,1,1,1,1,1,0,0,0,0,0,21545.87
7,1,7,0,1,2,0,7,5,7,3,0,0,0,1,0,1,0,1,1,0,1,0,0,0,0,17173.76
7,0,0,4,2,0,0,4,0,5,7,0,0,0,1,0,1,0,0,1,0,0,0,0,0,0,26901.62
7,0,7,0,7,0,1,3,7,7,7,1,0,0,1,1,1,1,1,1,1,1,0,0,0,0,22426.21
7,2,3,3,5,3,1,7,7,7,7,0,0,0,1,2,1,1,1,1,1,1,0,2,0,1,12381.2
7,2,3,7,3,0,1,4,7,7,4,1,0,0,0,2,1,1,1,1,1,1,1,1,1,1,71308.79
7,7,4,3,7,3,2,3,7,7,7,0,0,0,0,1,1,1,1,1,1,1,0,0,0,1,5171.26
5,2,4,7,5,3,1,7,7,7,7,2,0,0,0,3,1,1,1,1,1,1,1,1,1,2,33787.28
7,0,7,7,7,7,0,2,7,7,7,1,0,0,0,1,1,1,1,1,1,1,2,1,1,1,20508.51
7,4,7,7,7,2,0,7,7,7,7,3,0,0,1,2,1,1,1,1,1,1,5,2,1,1,59419.85
4,0,5,5,3,1,0,1,4,2,0,0,0,0,0,1,1,1,1,1,1,1,0,1,1,0,39232.03
3,1,3,2,4,2,0,0,7,4,3,1,0,0,0,2,1,1,1,1,1,1,0,2,2,0,135994.46
7,1,7,7,3,1,2,2,3,4,7,1,0,0,0,1,1,1,1,1,1,1,1,0,0,0,38882.96
7,7,1,3,3,3,1,7,7,7,7,0,0,0,0,1,1,1,1,1,1,1,0,1,0,0,86146.38
7,1,7,7,7,1,1,2,7,7,7,1,0,0,0,1,1,1,1,1,1,1,0,1,0,2,82765.15
6,5,5,3,7,2,0,4,5,7,5,1,0,0,0,1,1,0,1,1,0,1,0,1,0,1,18397.78
4,2,7,7,7,3,2,3,2,7,3,1,0,0,1,2,1,1,1,1,1,1,0,1,0,0,86519.31
7,1,5,7,4,7,3,2,7,7,7,1,0,0,1,2,1,1,1,1,1,1,5,1,1,0,15665.46
4,5,7,5,1,2,2,3,2,4,1,1,0,1,0,1,1,0,1,1,1,0,0,1,0,0,92247.47
7,1,7,7,7,2,1,2,3,7,7,2,1,2,2,1,1,1,1,1,1,1,0,1,1,0,5282.6
0,0,7,0,0,1,1,0,0,7,7,0,0,0,0,0,1,1,1,1,1,0,2,0,0,0,73657.6
7,2,4,7,2,4,4,4,7,7,3,1,0,0,0,1,1,0,1,1,1,1,1,1,0,1,92773.32
7,3,7,3,3,3,0,3,7,7,7,1,0,0,0,3,1,1,1,1,1,1,2,0,0,0,11934.76
7,7,3,7,4,0,0,7,7,7,7,1,1,0,0,1,1,1,1,1,1,1,1,0,0,0,17608.69
7,1,7,7,3,1,0,7,3,7,1,0,0,1,1,0,1,1,1,1,1,1,0,1,0,0,70630.39
7,4,4,3,7,3,0,0,7,7,0,0,0,0,1,1,1,1,1,1,0,1,1,2,1,2,37232.58
7,2,7,3,2,1,0,4,7,7,7,0,0,0,1,1,1,1,1,1,1,1,1,1,1,0,12717.39
7,2,3,5,2,7,0,7,7,7,7,0,0,0,0,1,1,0,1,1,1,1,2,2,0,1,35364.11
7,2,0,4,2,0,0,0,7,1,2,0,0,0,0,1,1,1,1,1,1,1,0,0,0,0,25483.63
7,2,7,3,3,7,2,3,7,7,3,0,0,1,1,1,1,0,1,1,1,0,0,0,0,0,12228.26
7,1,7,7,2,2,1,7,7,7,4,0,0,1,1,1,1,1,1,1,1,1,0,1,1,0,37524.57
7,2,3,7,7,3,2,7,7,7,3,1,0,0,0,1,1,1,1,1,1,1,0,1,1,0,15049.16
3,0,0,4,4,0,0,1,7,7,7,1,0,0,0,2,1,1,1,1,0,1,0,0,0,0,16377.04
7,1,3,3,3,2,1,2,3,7,7,0,0,0,1,1,1,1,1,1,1,1,0,1,1,0,54934.4
6,1,3,7,3,3,0,4,7,7,7,1,0,0,0,2,1,1,1,1,1,1,1,1,1,0,74763.9
5,2,5,5,3,3,1,2,5,6,7,0,0,0,1,2,1,1,1,1,1,1,1,1,1,0,48393.41
7,2,5,5,4,1,2,7,3,5,3,1,0,0,0,1,1,1,1,1,1,1,3,0,0,1,33983.58
3,3,5,5,3,1,0,2,7,6,5,1,0,0,0,2,1,1,1,1,1,0,0,2,1,1,9590.14
7,2,2,0,7,0,1,0,5,7,2,0,0,0,0,2,1,1,1,1,0,1,1,1,0,1,65065.54
3,1,7,7,4,2,1,6,7,7,5,1,0,0,1,0,1,1,1,1,1,1,0,1,0,1,17704.9
7,2,5,3,5,2,1,4,3,7,2,1,0,0,1,0,1,1,1,1,1,1,1,0,0,0,17680.31
7,2,7,7,7,0,0,0,3,2,7,1,0,0,0,1,1,1,1,1,1,1,2,1,1,1,18909.81
7,0,3,7,3,7,0,7,7,7,7,1,0,0,1,2,1,1,1,1,1,1,0,1,0,0,43917.99
7,3,7,3,3,7,3,7,3,7,7,0,0,0,1,0,1,0,1,1,1,0,0,0,0,0,33836.06
7,7,7,3,3,7,0,7,7,7,7,0,0,0,1,0,1,0,1,1,1,1,1,0,0,0,65606.48
7,7,7,7,4,4,2,3,7,7,7,0,0,2,0,1,1,0,1,1,1,1,2,1,1,0,52180.3
7,0,7,3,7,1,0,3,7,7,7,0,0,0,1,1,1,1,1,1,0,1,1,1,0,1,23360.64
7,7,7,7,4,3,2,4,7,7,7,1,0,0,0,1,1,1,1,0,1,1,2,1,0,1,21404.24
7,1,2,7,2,7,0,3,0,7,7,0,0,0,0,2,1,0,0,1,0,1,0,0,0,0,18442.61
5,2,1,1,0,3,0,7,0,7,0,0,0,0,0,0,1,0,1,1,1,1,0,0,0,0,47960.63
7,1,7,7,0,2,0,2,7,7,1,0,1,0,0,0,1,0,0,1,0,0,0,0,0,0,39344.24
7,2,2,2,2,2,0,2,7,7,2,0,0,0,0,1,1,1,1,1,1,0,1,1,0,1,49248.16
2,1,3,7,3,1,0,1,2,7,0,0,0,0,0,0,1,1,1,1,1,1,0,0,0,0,13318.02
7,1,7,7,4,1,1,1,3,7,7,0,0,0,0,3,1,1,1,1,1,1,2,1,1,0,12737.69
7,3,4,3,1,2,1,7,3,7,7,0,0,0,0,0,1,0,0,1,1,1,2,0,0,0,101188.46
0,0,0,0,0,0,0,0,0,0,0,0,0,0,0,0,0,0,0,0,0,1,0,0,0,0,30147.51
7,7,7,7,3,4,2,6,7,7,7,0,0,0,0,0,1,1,1,1,1,1,1,1,0,0,5901.63
7,0,3,7,2,2,0,5,7,7,7,0,0,0,1,1,1,1,1,1,1,1,0,4,0,0,4049.99
4,0,4,7,3,0,2,7,7,6,3,0,0,0,0,2,1,1,1,1,1,0,1,0,0,0,19565.21
7,2,2,7,3,3,0,7,7,7,7,0,1,0,1,1,1,0,1,1,1,1,0,1,0,0,30374.95
7,3,7,7,3,5,1,7,7,7,7,0,0,0,1,0,1,0,1,1,1,1,0,0,0,1,36178
7,1,0,1,2,7,0,7,2,7,0,0,2,0,1,1,1,1,1,1,1,1,0,1,0,1,51089.6
7,3,7,7,5,7,0,3,7,7,7,0,0,0,0,0,1,0,1,1,1,1,0,1,1,0,74342.36
7,1,7,3,2,4,0,3,7,7,7,1,0,0,0,1,1,1,1,1,1,1,0,1,1,0,55762.29
7,2,3,7,2,7,1,7,7,7,5,0,0,0,0,0,1,1,1,1,1,2,0,1,1,0,22118.45
7,3,7,7,5,0,0,4,7,7,7,1,0,2,1,1,1,1,1,1,1,1,0,1,0,0,60701.08
7,1,3,3,4,4,2,2,7,7,5,1,0,2,1,1,1,1,1,1,1,1,1,0,0,1,31793.47
7,1,0,0,3,0,2,0,7,7,7,0,0,0,1,1,1,0,1,1,0,1,3,1,0,0,24823.35
7,2,2,7,1,7,0,7,7,7,7,1,0,0,1,0,1,0,1,1,0,1,0,1,0,0,25358.46
7,1,3,7,3,3,1,7,7,7,7,0,0,1,0,2,1,1,1,1,1,1,0,0,0,0,25434.78
7,3,5,5,3,3,0,7,7,7,7,3,1,0,2,2,1,1,1,1,2,2,0,1,0,1,161677.13
7,3,1,2,2,7,0,3,3,7,7,0,0,0,1,0,1,1,1,1,1,0,2,0,0,0,64457.56
7,0,1,1,2,1,1,1,1,7,7,0,0,0,0,1,1,1,0,1,1,1,1,0,0,0,52336.95
7,0,2,4,2,3,0,7,7,7,7,0,0,1,1,0,1,0,1,1,1,0,0,0,0,0,25134.42
7,2,2,2,3,2,1,7,7,7,7,0,0,0,0,0,1,1,0,1,1,1,1,0,0,0,41086.95
7,1,7,7,5,7,1,7,7,7,7,1,0,0,1,0,1,1,1,1,1,1,1,2,1,0,30105.94
0,0,0,0,0,0,0,0,0,0,0,0,0,0,1,1,1,0,0,1,1,1,0,0,0,0,114701.06
7,2,3,7,3,3,0,3,5,7,7,0,0,1,0,1,1,1,1,1,1,1,0,1,0,1,50038.02
7,0,7,7,1,0,4,7,7,7,7,0,0,0,0,0,1,0,1,1,1,1,0,0,0,0,21130.42
3,0,2,0,2,2,0,0,1,2,2,1,0,0,0,0,1,0,1,1,1,1,0,0,0,0,30595.09
7,2,4,7,5,3,1,4,7,7,7,1,0,1,1,1,1,1,1,1,1,1,0,1,0,0,36635.84
7,3,3,2,2,1,0,4,7,5,2,1,0,0,0,1,1,0,1,1,1,1,3,1,1,2,21573.05
7,2,2,0,1,4,0,7,2,7,0,0,0,0,1,0,1,0,0,0,0,0,0,1,0,0,42745.07
7,2,4,7,4,4,1,4,7,7,7,1,0,0,0,1,1,1,1,1,1,1,0,1,1,0,47152.11
7,2,7,3,3,1,1,2,7,7,4,1,0,0,2,0,1,1,1,1,1,1,2,1,0,0,44388.53
7,0,7,7,4,1,3,7,7,7,3,1,0,2,0,2,1,1,1,1,1,3,4,1,0,0,60847.78
7,2,7,5,5,2,1,2,7,7,7,1,0,0,0,3,1,1,1,1,1,1,0,1,0,0,24921.16
7,3,2,7,4,3,0,5,7,7,3,0,0,0,0,0,1,0,0,0,0,1,0,0,0,0,50928.2
7,1,7,7,3,2,2,1,2,7,7,2,0,0,1,2,1,1,1,1,1,1,2,3,3,1,12619.55
7,0,7,7,2,1,0,1,0,7,7,0,0,0,0,0,1,1,1,1,1,1,0,0,0,0,32194.51
3,2,2,2,0,3,2,3,3,4,0,0,0,0,0,0,1,0,1,1,1,1,0,0,0,0,21326.06
5,5,2,3,3,7,1,3,7,7,7,2,1,0,0,2,2,1,1,1,1,2,0,3,1,1,20152.13
7,1,1,1,1,2,0,7,2,7,7,0,0,0,1,0,1,0,1,1,1,0,0,0,0,0,26848.33
